Sample,IPH Presence,IVH Presence,SDH Presence,EDH Presence,SAH Presence,IPH Absence,IVH Absence,SDH Absence,EDH Absence,SAH Absence
Example 1,0.00024234,3.44824e-06,0.000154392,1.91349e-06,3.33545e-05,0.99975766,0.99999655176,0.999845608,0.99999808651,0.9999666455
Example 2,0.895014,2.21213e-05,4.33735e-05,9.1923e-06,5.75108e-05,0.10498600000000002,0.9999778787,0.9999566265,0.9999908077,0.9999424892
